{
  "properties": {
    "connectionReferences": {
      "shared_commondataserviceforapps": {
        "runtimeSource": "embedded",
        "connection": {
          "connectionReferenceLogicalName": "vch_sharedcommondataserviceforapps_a591d"
        },
        "api": {
          "name": "shared_commondataserviceforapps"
        }
      }
    },
    "definition": {
      "$schema": "https://schema.management.azure.com/providers/Microsoft.Logic/schemas/2016-06-01/workflowdefinition.json#",
      "contentVersion": "1.0.0.0",
      "parameters": {
        "$connections": {
          "defaultValue": {},
          "type": "Object"
        },
        "$authentication": {
          "defaultValue": {},
          "type": "SecureObject"
        }
      },
      "triggers": {
        "When_a_row_is_added,_modified_or_deleted": {
          "metadata": {
            "operationMetadataId": "b332aafd-5998-41f8-abc4-3973d3452325"
          },
          "type": "OpenApiConnectionWebhook",
          "inputs": {
            "host": {
              "connectionName": "shared_commondataserviceforapps",
              "operationId": "SubscribeWebhookTrigger",
              "apiId": "/providers/Microsoft.PowerApps/apis/shared_commondataserviceforapps"
            },
            "parameters": {
              "subscriptionRequest/message": 1,
              "subscriptionRequest/entityname": "email",
              "subscriptionRequest/scope": 4,
              "subscriptionRequest/filterexpression": "directioncode eq false"
            },
            "authentication": "@parameters('$authentication')"
          }
        }
      },
      "actions": {
        "Condition": {
          "actions": {
            "Add_a_new_row": {
              "runAfter": {},
              "metadata": {
                "operationMetadataId": "184ff182-0657-49c8-bdd1-2b897fce3267"
              },
              "type": "OpenApiConnection",
              "inputs": {
                "host": {
                  "connectionName": "shared_commondataserviceforapps",
                  "operationId": "CreateRecord",
                  "apiId": "/providers/Microsoft.PowerApps/apis/shared_commondataserviceforapps"
                },
                "parameters": {
                  "entityName": "vch_supportrequests",
                  "item/vch_details": "@substring(triggerOutputs()?['body/description'], 0, min(999999, length(triggerOutputs()?['body/description'])))",
                  "item/vch_title": "@triggerOutputs()?['body/subject']"
                },
                "authentication": "@parameters('$authentication')"
              }
            },
            "Update_a_row": {
              "runAfter": {
                "Add_a_new_row": [
                  "Succeeded"
                ]
              },
              "metadata": {
                "operationMetadataId": "f7b68f08-1661-4db8-8272-bee98a4a5001"
              },
              "type": "OpenApiConnection",
              "inputs": {
                "host": {
                  "connectionName": "shared_commondataserviceforapps",
                  "operationId": "UpdateRecord",
                  "apiId": "/providers/Microsoft.PowerApps/apis/shared_commondataserviceforapps"
                },
                "parameters": {
                  "entityName": "emails",
                  "recordId": "@triggerOutputs()?['body/activityid']",
                  "item/regardingobjectid_vch_supportrequest_email@odata.bind": "vch_supportrequests(@{outputs('Add_a_new_row')?['body/vch_supportrequestid']})"
                },
                "authentication": "@parameters('$authentication')"
              }
            }
          },
          "runAfter": {},
          "else": {
            "actions": {
              "Condition_2": {
                "actions": {
                  "Update_a_row_2": {
                    "runAfter": {},
                    "metadata": {
                      "operationMetadataId": "0e429ee2-81aa-4efc-9b53-7cf59eee7d59"
                    },
                    "type": "OpenApiConnection",
                    "inputs": {
                      "host": {
                        "connectionName": "shared_commondataserviceforapps",
                        "operationId": "UpdateRecord",
                        "apiId": "/providers/Microsoft.PowerApps/apis/shared_commondataserviceforapps"
                      },
                      "parameters": {
                        "entityName": "vch_supportrequests",
                        "recordId": "@triggerOutputs()?['body/_regardingobjectid_value']",
                        "item/statecode": 0,
                        "item/statuscode": 7
                      },
                      "authentication": "@parameters('$authentication')"
                    }
                  }
                },
                "runAfter": {},
                "expression": {
                  "equals": [
                    "@triggerOutputs()?['body/_regardingobjectid_type']",
                    "vch_supportrequests"
                  ]
                },
                "metadata": {
                  "operationMetadataId": "5c331287-d617-4c43-8f85-f0bc4da024a2"
                },
                "type": "If"
              }
            }
          },
          "expression": {
            "equals": [
              "@empty(triggerOutputs()?['body/_regardingobjectid_type'])",
              "@true"
            ]
          },
          "metadata": {
            "operationMetadataId": "70c521cf-3e63-4377-8a35-b60f25d8a2b4"
          },
          "type": "If"
        }
      }
    }
  },
  "schemaVersion": "1.0.0.0"
}