{
  "properties": {
    "connectionReferences": {
      "shared_commondataserviceforapps": {
        "runtimeSource": "embedded",
        "connection": {
          "connectionReferenceLogicalName": "vch_sharedcommondataserviceforapps_a591d"
        },
        "api": {
          "name": "shared_commondataserviceforapps"
        }
      }
    },
    "definition": {
      "$schema": "https://schema.management.azure.com/providers/Microsoft.Logic/schemas/2016-06-01/workflowdefinition.json#",
      "contentVersion": "1.0.0.0",
      "parameters": {
        "$connections": {
          "defaultValue": {},
          "type": "Object"
        },
        "$authentication": {
          "defaultValue": {},
          "type": "SecureObject"
        }
      },
      "triggers": {
        "manual": {
          "metadata": {
            "operationMetadataId": "e616ac1d-b03b-4aac-b6cd-2e74a4dcfa42"
          },
          "type": "Request",
          "kind": "Http",
          "inputs": {
            "schema": {
              "type": "object",
              "properties": {
                "title": {
                  "type": "string"
                },
                "details": {
                  "type": "string"
                },
                "name": {
                  "type": "string"
                },
                "email": {
                  "type": "string"
                },
                "profileUrl": {
                  "type": "string"
                },
                "location": {
                  "type": "string"
                }
              }
            },
            "method": "POST"
          }
        }
      },
      "actions": {
        "Add_a_new_row": {
          "runAfter": {
            "Condition": [
              "Succeeded"
            ]
          },
          "metadata": {
            "operationMetadataId": "84090361-22c1-444c-af16-b874db83a969"
          },
          "type": "OpenApiConnection",
          "inputs": {
            "host": {
              "connectionName": "shared_commondataserviceforapps",
              "operationId": "CreateRecord",
              "apiId": "/providers/Microsoft.PowerApps/apis/shared_commondataserviceforapps"
            },
            "parameters": {
              "entityName": "vch_supportrequests",
              "item/vch_Client_contact@odata.bind": "contacts(@{variables('ContactId')})",
              "item/vch_details": "@triggerBody()?['details']",
              "item/vch_location": "@triggerBody()?['location']",
              "item/vch_registereduserprofileurl": "@triggerBody()?['profileUrl']",
              "item/vch_title": "@triggerBody()?['title']"
            },
            "authentication": "@parameters('$authentication')"
          }
        },
        "Contacts": {
          "runAfter": {},
          "metadata": {
            "operationMetadataId": "f841dbb6-7de8-4969-8831-df5ea290e2ba"
          },
          "type": "OpenApiConnection",
          "inputs": {
            "host": {
              "connectionName": "shared_commondataserviceforapps",
              "operationId": "ListRecords",
              "apiId": "/providers/Microsoft.PowerApps/apis/shared_commondataserviceforapps"
            },
            "parameters": {
              "entityName": "contacts",
              "$filter": "emailaddress1 eq '@{triggerBody()?['email']}'"
            },
            "authentication": "@parameters('$authentication')"
          }
        },
        "Condition": {
          "actions": {
            "Set_variable": {
              "runAfter": {},
              "metadata": {
                "operationMetadataId": "42499f07-96ff-4406-ac31-3295f8c6922d"
              },
              "type": "SetVariable",
              "inputs": {
                "name": "ContactId",
                "value": "@{outputs('Contacts')?['body/value'][0]['contactid']}"
              }
            }
          },
          "runAfter": {
            "Initialize_variable": [
              "Succeeded"
            ]
          },
          "else": {
            "actions": {
              "Add_a_new_row_2": {
                "runAfter": {},
                "metadata": {
                  "operationMetadataId": "9c3f53f6-5d7b-4a03-b1db-5ef56e9351d5"
                },
                "type": "OpenApiConnection",
                "inputs": {
                  "host": {
                    "connectionName": "shared_commondataserviceforapps",
                    "operationId": "CreateRecord",
                    "apiId": "/providers/Microsoft.PowerApps/apis/shared_commondataserviceforapps"
                  },
                  "parameters": {
                    "entityName": "contacts",
                    "item/lastname": "@triggerBody()?['name']",
                    "item/emailaddress1": "@triggerBody()?['email']"
                  },
                  "authentication": "@parameters('$authentication')"
                }
              },
              "Set_variable_2": {
                "runAfter": {
                  "Add_a_new_row_2": [
                    "Succeeded"
                  ]
                },
                "metadata": {
                  "operationMetadataId": "36aa3cf0-642a-4383-ae35-a8c3719285a3"
                },
                "type": "SetVariable",
                "inputs": {
                  "name": "ContactId",
                  "value": "@outputs('Add_a_new_row_2')?['body/contactid']"
                }
              }
            }
          },
          "expression": {
            "greater": [
              "@length(outputs('Contacts')?['body/value']) ",
              0
            ]
          },
          "metadata": {
            "operationMetadataId": "62e205cb-8e36-44ce-8f8e-0cae1865fdfd"
          },
          "type": "If"
        },
        "Initialize_variable": {
          "runAfter": {
            "Contacts": [
              "Succeeded"
            ]
          },
          "metadata": {
            "operationMetadataId": "6df46c10-5155-4e04-a6bb-4d76c71030a6"
          },
          "type": "InitializeVariable",
          "inputs": {
            "variables": [
              {
                "name": "ContactId",
                "type": "string"
              }
            ]
          }
        }
      }
    }
  },
  "schemaVersion": "1.0.0.0"
}