<ImportExportXml version="9.2.22081.162" SolutionPackageVersion="9.2" languagecode="1033" generatedBy="CrmLive" xmlns:xsi="http://www.w3.org/2001/XMLSchema-instance">
  <SolutionManifest>
    <UniqueName>SimpleMarketing</UniqueName>
    <LocalizedNames>
      <LocalizedName description="SimpleMarketing" languagecode="1033" />
    </LocalizedNames>
    <Descriptions />
    <Version>1.0.0.1</Version>
    <Managed>1</Managed>
    <Publisher>
      <UniqueName>itaintboring</UniqueName>
      <LocalizedNames>
        <LocalizedName description="ItAintBoring" languagecode="1033" />
      </LocalizedNames>
      <Descriptions>
        <Description description="ItAintBoring" languagecode="1033" />
      </Descriptions>
      <EMailAddress xsi:nil="true"></EMailAddress>
      <SupportingWebsiteUrl>http://www.itaintboring.com</SupportingWebsiteUrl>
      <CustomizationPrefix>ita</CustomizationPrefix>
      <CustomizationOptionValuePrefix>55678</CustomizationOptionValuePrefix>
      <Addresses>
        <Address>
          <AddressNumber>1</AddressNumber>
          <AddressTypeCode>1</AddressTypeCode>
          <City xsi:nil="true"></City>
          <County xsi:nil="true"></County>
          <Country xsi:nil="true"></Country>
          <Fax xsi:nil="true"></Fax>
          <FreightTermsCode xsi:nil="true"></FreightTermsCode>
          <ImportSequenceNumber xsi:nil="true"></ImportSequenceNumber>
          <Latitude xsi:nil="true"></Latitude>
          <Line1 xsi:nil="true"></Line1>
          <Line2 xsi:nil="true"></Line2>
          <Line3 xsi:nil="true"></Line3>
          <Longitude xsi:nil="true"></Longitude>
          <Name xsi:nil="true"></Name>
          <PostalCode xsi:nil="true"></PostalCode>
          <PostOfficeBox xsi:nil="true"></PostOfficeBox>
          <PrimaryContactName xsi:nil="true"></PrimaryContactName>
          <ShippingMethodCode>1</ShippingMethodCode>
          <StateOrProvince xsi:nil="true"></StateOrProvince>
          <Telephone1 xsi:nil="true"></Telephone1>
          <Telephone2 xsi:nil="true"></Telephone2>
          <Telephone3 xsi:nil="true"></Telephone3>
          <TimeZoneRuleVersionNumber xsi:nil="true"></TimeZoneRuleVersionNumber>
          <UPSZone xsi:nil="true"></UPSZone>
          <UTCOffset xsi:nil="true"></UTCOffset>
          <UTCConversionTimeZoneCode xsi:nil="true"></UTCConversionTimeZoneCode>
        </Address>
        <Address>
          <AddressNumber>2</AddressNumber>
          <AddressTypeCode>1</AddressTypeCode>
          <City xsi:nil="true"></City>
          <County xsi:nil="true"></County>
          <Country xsi:nil="true"></Country>
          <Fax xsi:nil="true"></Fax>
          <FreightTermsCode xsi:nil="true"></FreightTermsCode>
          <ImportSequenceNumber xsi:nil="true"></ImportSequenceNumber>
          <Latitude xsi:nil="true"></Latitude>
          <Line1 xsi:nil="true"></Line1>
          <Line2 xsi:nil="true"></Line2>
          <Line3 xsi:nil="true"></Line3>
          <Longitude xsi:nil="true"></Longitude>
          <Name xsi:nil="true"></Name>
          <PostalCode xsi:nil="true"></PostalCode>
          <PostOfficeBox xsi:nil="true"></PostOfficeBox>
          <PrimaryContactName xsi:nil="true"></PrimaryContactName>
          <ShippingMethodCode>1</ShippingMethodCode>
          <StateOrProvince xsi:nil="true"></StateOrProvince>
          <Telephone1 xsi:nil="true"></Telephone1>
          <Telephone2 xsi:nil="true"></Telephone2>
          <Telephone3 xsi:nil="true"></Telephone3>
          <TimeZoneRuleVersionNumber xsi:nil="true"></TimeZoneRuleVersionNumber>
          <UPSZone xsi:nil="true"></UPSZone>
          <UTCOffset xsi:nil="true"></UTCOffset>
          <UTCConversionTimeZoneCode xsi:nil="true"></UTCConversionTimeZoneCode>
        </Address>
      </Addresses>
    </Publisher>
    <RootComponents>
      <RootComponent type="1" schemaName="email" behavior="2" />
      <RootComponent type="1" schemaName="ita_emailscheduler" behavior="0" />
      <RootComponent type="1" schemaName="ita_emailtemplate" behavior="0" />
      <RootComponent type="1" schemaName="vch_supportrequest" behavior="0" />
      <RootComponent type="29" id="{6e4f191f-a0e2-ec11-bb3d-000d3a5b46ee}" behavior="0" />
      <RootComponent type="29" id="{c7dcb294-fbe5-ec11-bb3c-0022480692f8}" behavior="0" />
      <RootComponent type="62" schemaName="ita_SimpleMarketing" behavior="0" />
      <RootComponent type="80" schemaName="ita_SimpleMarketing" behavior="0" />
    </RootComponents>
    <MissingDependencies>
      <MissingDependency>
        <Required type="10" schemaName="ita_email_Scheduler_ita_emailscheduler" displayName="ita_email_Scheduler_ita_emailscheduler" parentSchemaName="ita_emailscheduler" parentDisplayName="Email Scheduler" solution="Active" />
        <Dependent type="2" schemaName="ita_scheduler" displayName="Scheduler" parentSchemaName="email" parentDisplayName="Email" />
      </MissingDependency>
      <MissingDependency>
        <Required type="61" schemaName="msdyn_/Images/AppModule_Default_Icon.png" displayName="msdyn_/Images/AppModule_Default_Icon.png" solution="AppModuleWebResources (2.5)" />
        <Dependent type="80" schemaName="ita_SimpleMarketing" displayName="Simple Marketing" />
      </MissingDependency>
      <MissingDependency>
        <Required type="9" schemaName="ita_emailschedulingstatus" displayName="Email Scheduling Status" solution="Active" />
        <Dependent type="2" schemaName="ita_schedulingstatus" displayName="Scheduling Status" parentSchemaName="email" parentDisplayName="Email" />
      </MissingDependency>
      <MissingDependency>
        <Required type="connectionreference" displayName="vch_sharedcommondataserviceforapps_a591d" solution="Active" id.connectionreferencelogicalname="vch_sharedcommondataserviceforapps_a591d" />
        <Dependent type="29" displayName="ITA Create Support Request from Email" id="{6e4f191f-a0e2-ec11-bb3d-000d3a5b46ee}" />
      </MissingDependency>
      <MissingDependency>
        <Required type="connectionreference" displayName="vch_sharedcommondataserviceforapps_a591d" solution="Active" id.connectionreferencelogicalname="vch_sharedcommondataserviceforapps_a591d" />
        <Dependent type="29" displayName="ITA Submit Support Request" id="{c7dcb294-fbe5-ec11-bb3c-0022480692f8}" />
      </MissingDependency>
    </MissingDependencies>
  </SolutionManifest>
</ImportExportXml>